<?xml version="1.0"?>
<recovery>
	<details>
		<resolution width="1080" height="1920"/>
		<author>z31s1g</author>
		<title>TWRP Materialised Splash</title>
		<description>splash screen</description>
		<themeversion>1</themeversion>
	</details>

	<resources>
		<font name="splash" filename="Light.ttf" size="47"/>
		<image name="splashlogo" filename="splashlogo_stock" retainaspect="1"/>
		<image name="splashteamwin" filename="splashteamwin_stock" retainaspect="1"/>
	</resources>

	<variables>
		<variable name="screen_w" value="1080"/>
		<variable name="background" value="#222222FF"/>
		<variable name="header_color" value="#9A9A9AFF"/>
		<variable name="accent" value="#03A9F4FF"/>
	</variables>

	<pages>
		<page name="splash">
			<background color="%background%"/>

			<fill color="%header_color%">
				<placement x="0" y="0" w="%screen_w%" h="456"/>
			</fill>

			<image>
				<image resource="splashlogo"/>
				<placement x="540" y="456" placement="4"/>
			</image>

			<image>
				<image resource="splashteamwin"/>
				<placement x="540" y="1540" placement="4"/>
			</image>

			<text color="%header_color%">
				<font resource="splash"/>
				<placement x="540" y="1590" placement="5"/>
				<text>Recovery Project %tw_version%</text>
			</text>
		</page>
	</pages>
</recovery>

