<?xml version="1.0"?>
<recovery>
	<details>
		<resolution width="1080" height="1920"/>
		<author>z31s1g</author>
		<title>TWRP Materialised Dark</title>
		<description>Material Design theme for TWRP recovery</description>
		<preview>preview.png</preview>
		<themeversion>1</themeversion>
	</details>

	<resources>
		<font name="status" filename="Medium.ttf" size="40"/>
		<font name="caption" filename="Medium.ttf" size="36"/>
		<font name="body1" filename="Regular.ttf" size="42"/>
		<font name="body2" filename="Medium.ttf" size="42"/>
		<font name="subhead" filename="Regular.ttf" size="52"/>
		<font name="title" filename="Medium.ttf" size="60"/>
		<font name="fixed" filename="DroidSansMono.ttf" size="32"/>
		<font name="mainbutton" filename="Light.ttf" size="86"/>
		<font name="button" filename="Medium.ttf" size="41"/>
		<font name="menu" filename="Medium.ttf" size="44"/>
		<font name="input_fail" filename="Medium.ttf" size="32"/>
		<font name="splash" filename="Light.ttf" size="47"/>

		<image name="splashlogo" filename="splashlogo" retainaspect="1"/>
		<image name="splashteamwin" filename="splashteamwin" retainaspect="1"/>

		<font name="font_l" filename="Medium.ttf" size="52"/>
		<font name="font_m" filename="Medium.ttf" size="42"/>
		<font name="font_s" filename="Medium.ttf" size="36"/>

		<font name="keylabel" filename="Regular.ttf" size="64"/>
		<font name="keylabel-small" filename="Regular.ttf" size="46"/>
		<font name="keylabel-longpress" filename="Regular.ttf" size="32"/>

		<image name="actionbar_shadow" filename="actionbar_shadow"/>
		<image name="actionbar_logo" filename="actionbar_logo" retainaspect="1"/>
		<image name="actionbar_back" filename="actionbar_back" retainaspect="1"/>
		<image name="actionbar_back_hl" filename="actionbar_back_hl" retainaspect="1"/>
		<image name="actionbar_settings" filename="actionbar_settings" retainaspect="1"/>
		<image name="actionbar_settings_hl" filename="actionbar_settings_hl" retainaspect="1"/>
		<image name="actionbar_overflow" filename="actionbar_overflow" retainaspect="1"/>
		<image name="actionbar_overflow_hl" filename="actionbar_overflow_hl" retainaspect="1"/>
		<image name="actionbar_pin" filename="actionbar_pin" retainaspect="1"/>
		<image name="actionbar_pin_hl" filename="actionbar_pin_hl" retainaspect="1"/>
		<image name="actionbar_pinned" filename="actionbar_pinned" retainaspect="1"/>
		<image name="actionbar_pinned_hl" filename="actionbar_pinned_hl" retainaspect="1"/>
		<image name="actionbar_refresh" filename="actionbar_refresh" retainaspect="1"/>
		<image name="actionbar_refresh_hl" filename="actionbar_refresh_hl" retainaspect="1"/>
		<image name="actionbar_sort" filename="actionbar_sort" retainaspect="1"/>
		<image name="actionbar_sort_hl" filename="actionbar_sort_hl" retainaspect="1"/>
		<image name="actionbar_reset" filename="actionbar_reset" retainaspect="1"/>
		<image name="actionbar_reset_hl" filename="actionbar_reset_hl" retainaspect="1"/>
		<image name="actionbar_font_big" filename="actionbar_font_big" retainaspect="1"/>
		<image name="actionbar_font_big_hl" filename="actionbar_font_big_hl" retainaspect="1"/>
		<image name="actionbar_font_small" filename="actionbar_font_small" retainaspect="1"/>
		<image name="actionbar_font_small_hl" filename="actionbar_font_small_hl" retainaspect="1"/>
		<image name="actionbar_theme" filename="actionbar_theme" retainaspect="1"/>
		<image name="actionbar_theme_hl" filename="actionbar_theme_hl" retainaspect="1"/>
		<image name="actionbar_encr_dis" filename="actionbar_encr_dis" retainaspect="1"/>
		<image name="actionbar_encr_dis_hl" filename="actionbar_encr_dis_hl" retainaspect="1"/>
		<image name="actionbar_encr_ena" filename="actionbar_encr_ena" retainaspect="1"/>
		<image name="actionbar_encr_ena_hl" filename="actionbar_encr_ena_hl" retainaspect="1"/>
		<image name="actionbar_delete" filename="actionbar_delete" retainaspect="1"/>
		<image name="actionbar_delete_hl" filename="actionbar_delete_hl" retainaspect="1"/>
		<image name="actionbar_edit" filename="actionbar_edit" retainaspect="1"/>
		<image name="actionbar_edit_hl" filename="actionbar_edit_hl" retainaspect="1"/>
		<image name="actionbar_close" filename="actionbar_close" retainaspect="1"/>
		<image name="actionbar_close_hl" filename="actionbar_close_hl" retainaspect="1"/>
		<image name="actionbar_date" filename="actionbar_date" retainaspect="1"/>

		<image name="btn_float_addtoqueue" filename="btn_float_addtoqueue" retainaspect="1"/>
		<image name="btn_float_addtoqueue_hl" filename="btn_float_addtoqueue_hl" retainaspect="1"/>
		<image name="btn_float_flashitinfo" filename="btn_float_flashitinfo" retainaspect="1"/>
		<image name="btn_float_flashitinfo_hl" filename="btn_float_flashitinfo_hl" retainaspect="1"/>
		<image name="btn_float_accept" filename="btn_float_accept" retainaspect="1"/>
		<image name="btn_float_folder" filename="btn_float_folder" retainaspect="1"/>

		<image name="btn_flat_fw" filename="btn_flat_fw"/>
		<image name="btn_flat_qw" filename="btn_flat_qw"/>

		<image name="btn_raised" filename="btn_raised"/>
		<image name="btn_raised_warn" filename="btn_raised_warn"/>
		<image name="btn_raised_hl" filename="btn_raised_hl"/>

		<image name="dialog_bg" filename="dialog_bg"/>

		<image name="menu_sort" filename="menu_sort"/>

		<image name="db_empty" filename="db_empty"/>
		<image name="db_hl" filename="db_hl"/>

		<image name="bs_btn_copy" filename="bs_btn_copy" retainaspect="1"/>
		<image name="bs_btn_cut" filename="bs_btn_cut" retainaspect="1"/>
		<image name="bs_btn_chmod" filename="bs_btn_chmod" retainaspect="1"/>
		<image name="bs_btn_delete" filename="bs_btn_delete" retainaspect="1"/>
		<image name="bs_btn_rename" filename="bs_btn_rename" retainaspect="1"/>
		<image name="bs_close" filename="bs_close" retainaspect="1"/>

		<image name="mb_install" filename="mb_install" retainaspect="1"/>
		<image name="mb_wipe" filename="mb_wipe" retainaspect="1"/>
		<image name="mb_backup" filename="mb_backup" retainaspect="1"/>
		<image name="mb_restore" filename="mb_restore" retainaspect="1"/>
		<image name="mb_mount" filename="mb_mount" retainaspect="1"/>
		<image name="mb_filemanager" filename="mb_filemanager" retainaspect="1"/>
		<image name="mb_advanced" filename="mb_advanced" retainaspect="1"/>
		<image name="mb_restart" filename="mb_restart" retainaspect="1"/>
		<image name="mb_system" filename="mb_system" retainaspect="1"/>
		<image name="mb_recovery" filename="mb_recovery" retainaspect="1"/>
		<image name="mb_bootloader" filename="mb_bootloader" retainaspect="1"/>
		<image name="mb_theme" filename="mb_theme" retainaspect="1"/>
		<image name="mb_poweroff" filename="mb_poweroff" retainaspect="1"/>
		<image name="mb_logtosd" filename="mb_logtosd" retainaspect="1"/>
		<image name="mb_fixpermissions" filename="mb_fixpermissions" retainaspect="1"/>
		<image name="mb_terminalcommand" filename="mb_terminalcommand" retainaspect="1"/>
		<image name="mb_adbsideload" filename="mb_adbsideload" retainaspect="1"/>
		<image name="mb_dumlock" filename="mb_dumlock" retainaspect="1"/>
		<image name="mb_partsdcard" filename="mb_partsdcard" retainaspect="1"/>

		<image name="mb_color_extension" filename="mb_color_extension" retainaspect="1"/>
		<image name="mb_install_color" filename="mb_install_color" retainaspect="1"/>
		<image name="mb_wipe_color" filename="mb_wipe_color" retainaspect="1"/>
		<image name="mb_backup_color" filename="mb_backup_color" retainaspect="1"/>
		<image name="mb_restore_color" filename="mb_restore_color" retainaspect="1"/>
		<image name="mb_mount_color" filename="mb_mount_color" retainaspect="1"/>
		<image name="mb_filemanager_color" filename="mb_filemanager_color" retainaspect="1"/>
		<image name="mb_advanced_color" filename="mb_advanced_color" retainaspect="1"/>
		<image name="mb_restart_color" filename="mb_restart_color" retainaspect="1"/>
		<image name="mb_system_color" filename="mb_system_color" retainaspect="1"/>
		<image name="mb_recovery_color" filename="mb_recovery_color" retainaspect="1"/>
		<image name="mb_bootloader_color" filename="mb_bootloader_color" retainaspect="1"/>
		<image name="mb_theme_color" filename="mb_theme_color" retainaspect="1"/>
		<image name="mb_poweroff_color" filename="mb_poweroff_color" retainaspect="1"/>
		<image name="mb_logtosd_color" filename="mb_logtosd_color" retainaspect="1"/>
		<image name="mb_fixpermissions_color" filename="mb_fixpermissions_color" retainaspect="1"/>
		<image name="mb_terminalcommand_color" filename="mb_terminalcommand_color" retainaspect="1"/>
		<image name="mb_adbsideload_color" filename="mb_adbsideload_color" retainaspect="1"/>
		<image name="mb_dumlock_color" filename="mb_dumlock_color" retainaspect="1"/>
		<image name="mb_partsdcard_color" filename="mb_partsdcard_color" retainaspect="1"/>

		<image name="icon_info" filename="icon_info" retainaspect="1"/>
		<image name="icon_warning" filename="icon_warning" retainaspect="1"/>
		<image name="icon_person" filename="icon_person" retainaspect="1"/>
		<image name="icon_mail" filename="icon_mail" retainaspect="1"/>
		<image name="icon_palette" filename="icon_palette" retainaspect="1"/>
		<image name="icon_cake" filename="icon_cake" retainaspect="1"/>

		<image name="file_icon" filename="file" retainaspect="1"/>
		<image name="folder_icon" filename="folder" retainaspect="1"/>
		<image name="unlock_icon" filename="unlock_icon" retainaspect="1"/>

		<animation name="progress" filename="indeterminate"/>
		<image name="progress_empty" filename="progress_empty"/>
		<image name="progress_fill" filename="progress_fill"/>

		<image name="checkbox_false" filename="checkbox_false" retainaspect="1"/>
		<image name="checkbox_true" filename="checkbox_true" retainaspect="1"/>
		<image name="checkbox_false_d" filename="checkbox_false_d" retainaspect="1"/>
		<image name="checkbox_true_d" filename="checkbox_true_d" retainaspect="1"/>
		<image name="radio_false" filename="radio_false" retainaspect="1"/>
		<image name="radio_true" filename="radio_true" retainaspect="1"/>
		<image name="radio_false_d" filename="radio_false_d" retainaspect="1"/>
		<image name="radio_true_d" filename="radio_true_d" retainaspect="1"/>

		<image name="home" filename="home" retainaspect="1"/>
		<image name="home_hl" filename="home_hl" retainaspect="1"/>
		<image name="back" filename="back" retainaspect="1"/>
		<image name="back_hl" filename="back_hl" retainaspect="1"/>
		<image name="slideout" filename="slideout" retainaspect="1"/>
		<image name="slideout_hl" filename="slideout_hl" retainaspect="1"/>
		<image name="keyboard_hide" filename="keyboard_hide" retainaspect="1"/>
		<image name="keyboard_hide_hl" filename="keyboard_hide_hl" retainaspect="1"/>
		<image name="keyboard_show" filename="keyboard_show" retainaspect="1"/>
		<image name="keyboard_show_hl" filename="keyboard_show_hl" retainaspect="1"/>
		<image name="home_white" filename="home_white" retainaspect="1"/>
		<image name="home_white_hl" filename="home_white_hl" retainaspect="1"/>
		<image name="back_white" filename="back_white" retainaspect="1"/>
		<image name="back_white_hl" filename="back_white_hl" retainaspect="1"/>
		<image name="slideout_white" filename="slideout_white" retainaspect="1"/>
		<image name="slideout_white_hl" filename="slideout_white_hl" retainaspect="1"/>
		<image name="keyboard_hide_white" filename="keyboard_hide_white" retainaspect="1"/>
		<image name="keyboard_hide_white_hl" filename="keyboard_hide_white_hl" retainaspect="1"/>
		<image name="keyboard_show_white" filename="keyboard_show_white" retainaspect="1"/>
		<image name="keyboard_show_white_hl" filename="keyboard_show_white_hl" retainaspect="1"/>

		<image name="slider" filename="slider"/>
		<image name="slider_used" filename="slider_used"/>
		<image name="handle" filename="handle" retainaspect="1"/>
		<image name="handle_h" filename="handle_h" retainaspect="1"/>

		<image name="backspace" filename="backspace" retainaspect="1"/>
		<image name="enter" filename="enter" retainaspect="1"/>
		<image name="shift" filename="shift" retainaspect="1"/>
		<image name="shift_fill" filename="shift_fill" retainaspect="1"/>
		<image name="space" filename="space" retainaspect="1"/>
		<image name="kb_arrow_left" filename="kb_arrow_left" retainaspect="1"/>
		<image name="kb_arrow_right" filename="kb_arrow_right" retainaspect="1"/>
		<image name="kb_arrow_up" filename="kb_arrow_up" retainaspect="1"/>
		<image name="kb_arrow_down" filename="kb_arrow_down" retainaspect="1"/>
		<image name="keyboard_shadow" filename="keyboard_shadow"/>
		<image name="usb" filename="usb" retainaspect="1"/>

		<image name="tab_misc" filename="tab_misc" retainaspect="1"/>
		<image name="tab_misc_a" filename="tab_misc_a" retainaspect="1"/>
		<image name="tab_display" filename="tab_display" retainaspect="1"/>
		<image name="tab_display_a" filename="tab_display_a" retainaspect="1"/>
		<image name="tab_time" filename="tab_time" retainaspect="1"/>
		<image name="tab_time_a" filename="tab_time_a" retainaspect="1"/>
		<image name="tab_vibration" filename="tab_vibration" retainaspect="1"/>
		<image name="tab_vibration_a" filename="tab_vibration_a" retainaspect="1"/>

		<image name="cursor" filename="cursor"/>
	</resources>

	<variables>
		<!--theme settings-->
		<variable name="theme_version" value="302_v1"/>
		<variable name="tw_hide_kb" value="0"/>
		<variable name="use_flashit" value="0" persist="1"/>
		<variable name="inject_theme" value="0" persist="1"/>
		<variable name="auto_flash_repack" value="0"/>
		<variable name="aromafm" value="0" persist="1"/>
		<variable name="auto_generate" value="0" persist="1"/>
		<variable name="show_cpu_temp" value="0" persist="1"/>
		<variable name="center_clock" value="0" persist="1"/>
		<variable name="dialog_hide_folder" value="0" persist="1"/>
		<variable name="dialog_hide_color" value="0" persist="1"/>
		<variable name="dialog_context" value="none" persist="1"/>
		<variable name="list_font" value="small" persist="1"/>
		<variable name="bookmark" value="0" persist="1"/>
		<variable name="navbar_sams" value="0" persist="1"/>
		<variable name="navbar_accent" value="0" persist="1"/>
		<variable name="menu_btn_solid" value="0" persist="1"/>
		<variable name="accent_name" value="Stock" persist="1"/>
		<variable name="tw_theme_path" value="/data/media/0/TWRP/theme" persist="1"/>
		<variable name="location_install" value="/sdcard/Download" persist="1"/>
		<variable name="location_install_image" value="/sdcard/Download" persist="1"/>
		<variable name="location_addfile" value="/sdcard/Download" persist="1"/>
		<variable name="location_themes" value="/sdcard/Download" persist="1"/>
		<variable name="location_install_splash_image" value="/sdcard/Download" persist="1"/>
		<variable name="location_install_splash_png" value="/sdcard/Download" persist="1"/>

		<variable name="screen_w" value="1080"/>
		<variable name="screen_h" value="1920"/>
		<variable name="ab_h" value="240"/>
		<variable name="ab_ex_h" value="456"/>
		<variable name="ab_tab_h" value="384"/>
		<variable name="status_h" value="72"/>
		<variable name="nav_h" value="144"/>
		<variable name="content_w" value="984"/>
		<variable name="indent" value="0"/>
		<variable name="center_x" value="540"/>
		<variable name="col1_x" value="48"/>
		<variable name="col1_x_neg" value="1032"/>
		<variable name="col1_x_indent" value="216"/>
		<variable name="col_col_center_x" value="386"/>
		<variable name="col_x_color3" value="724"/>
		<variable name="col2_x" value="541"/>
		<variable name="version_x" value="20"/>
		<variable name="battery_x" value="840"/>
		<variable name="battery_x_m" value="900"/>
		<variable name="time_x" value="1060"/>
		<variable name="status_info_y" value="5"/>
		<variable name="mb_h" value="180"/>
		<variable name="mb_div_w" value="816"/>
		<variable name="mb_div_x" value="624"/>

		<variable name="ab_back_x" value="12"/>
		<variable name="ab_bc_x" value="156"/>
		<variable name="ab_bc_y" value="114"/>
		<variable name="ab_btn1_x" value="924"/>
		<variable name="ab_btn2_x" value="780"/>
		<variable name="ab_btn3_x" value="636"/>
		<variable name="ab_btn1m_x" value="960"/>
		<variable name="ab_btn2m_x" value="816"/>
		<variable name="ab_btn3m_x" value="672"/>
		<variable name="ab_y" value="84"/>

		<variable name="tab_height" value="144"/>
		<variable name="tab_indicator_height" value="6"/>
		<variable name="tab_y" value="312"/>
		<variable name="tab_indicator_y" value="378"/>
		<variable name="tab2_width" value="540"/>
		<variable name="tab3_width" value="360"/>
		<variable name="tab4_width" value="270"/>
		<variable name="tab5_width" value="216"/>
		<variable name="tab3_col1_x" value="180"/>
		<variable name="tab3_col3_x" value="900"/>
		<variable name="tab4_col1_x" value="135"/>
		<variable name="tab4_col2_x" value="405"/>
		<variable name="tab4_col3_x" value="675"/>
		<variable name="tab4_col4_x" value="945"/>
		<variable name="tab4_ind2_x" value="270"/>
		<variable name="tab4_ind4_x" value="810"/>
		<variable name="tab5_col1_x" value="108"/>
		<variable name="tab5_col2_x" value="324"/>
		<variable name="tab5_col4_x" value="756"/>
		<variable name="tab5_col5_x" value="864"/>

		<variable name="ab_menu_y" value="72"/>
		<variable name="ab_menu_sort_x" value="436"/>
		<variable name="ab_menu_sort_btn_w" value="460"/>
		<variable name="ab_menu_sort_btn_h" value="144"/>
		<variable name="ab_menu_sort_text_x" value="482"/>
		<variable name="ab_menu_text_offset" value="40"/>
		<variable name="ab_menu_inst_1_y" value="120"/>
		<variable name="ab_menu_inst_2_y" value="264"/>
		<variable name="ab_menu_inst_3_y" value="408"/>
		<variable name="ab_menu_inst_4_y" value="552"/>
		<variable name="ab_menu_inst_5_y" value="696"/>
		<variable name="ab_menu_inst_6_y" value="840"/>
		<variable name="ab_menu_inst_1_text_y" value="%ab_menu_inst_1_y%+%ab_menu_text_offset%"/>
		<variable name="ab_menu_inst_2_text_y" value="%ab_menu_inst_2_y%+%ab_menu_text_offset%"/>
		<variable name="ab_menu_inst_3_text_y" value="%ab_menu_inst_3_y%+%ab_menu_text_offset%"/>
		<variable name="ab_menu_inst_4_text_y" value="%ab_menu_inst_4_y%+%ab_menu_text_offset%"/>
		<variable name="ab_menu_inst_5_text_y" value="%ab_menu_inst_5_y%+%ab_menu_text_offset%"/>
		<variable name="ab_menu_inst_6_text_y" value="%ab_menu_inst_6_y%+%ab_menu_text_offset%"/>

		<variable name="btn_float_x" value="852"/>

		<variable name="btn_raised_left_x" value="27"/>
		<variable name="btn_raised_right_x" value="1053"/>

		<variable name="row0_y" value="240"/>
		<variable name="row0_a_y" value="270"/>
		<variable name="row1_1_y" value="300"/>
		<variable name="row1_1a_y" value="330"/>
		<variable name="row1_2_y" value="360"/>
		<variable name="row1_2a_y" value="390"/>
		<variable name="row1_3_y" value="420"/>
		<variable name="row1_3a_y" value="450"/>
		<variable name="row2_1_y" value="480"/>
		<variable name="row2_1a_y" value="510"/>
		<variable name="row2_2_y" value="540"/>
		<variable name="row2_2a_y" value="570"/>
		<variable name="row2_3_y" value="600"/>
		<variable name="row2_3a_y" value="630"/>
		<variable name="row3_1_y" value="660"/>
		<variable name="row3_1a_y" value="690"/>
		<variable name="row3_2_y" value="720"/>
		<variable name="row3_2a_y" value="750"/>
		<variable name="row3_3_y" value="780"/>
		<variable name="row3_3a_y" value="810"/>
		<variable name="row4_1_y" value="840"/>
		<variable name="row4_1a_y" value="870"/>
		<variable name="row4_2_y" value="900"/>
		<variable name="row4_2a_y" value="930"/>
		<variable name="row4_3_y" value="960"/>
		<variable name="row4_3a_y" value="990"/>
		<variable name="row5_1_y" value="1020"/>
		<variable name="row5_1a_y" value="1050"/>
		<variable name="row5_2_y" value="1080"/>
		<variable name="row5_2a_y" value="1110"/>
		<variable name="row5_3_y" value="1140"/>
		<variable name="row5_3a_y" value="1170"/>
		<variable name="row6_1_y" value="1200"/>
		<variable name="row6_1a_y" value="1230"/>
		<variable name="row6_2_y" value="1260"/>
		<variable name="row6_2a_y" value="1290"/>
		<variable name="row6_3_y" value="1320"/>
		<variable name="row6_3a_y" value="1350"/>
		<variable name="row7_1_y" value="1380"/>
		<variable name="row7_1a_y" value="1410"/>
		<variable name="row7_2_y" value="1440"/>
		<variable name="row7_2a_y" value="1470"/>
		<variable name="row7_3_y" value="1500"/>
		<variable name="row7_3a_y" value="1530"/>
		<variable name="row8_1_y" value="1560"/>
		<variable name="row8_1a_y" value="1590"/>
		<variable name="row8_2_y" value="1620"/>
		<variable name="row8_2a_y" value="1650"/>
		<variable name="row8_3_y" value="1680"/>
		<variable name="row8_3a_y" value="1710"/>
		<variable name="row9_1_y" value="1740"/>
		<variable name="row_btn_y" value="1596"/>
		<variable name="row_btn1_y" value="1611"/>
		<variable name="row_nav_y" value="1776"/>
		<variable name="row_navbtn_y" value="1848"/>
		<variable name="row_tz_y" value="384"/>
		<variable name="row_ab_ex_y" value="456"/>
		<variable name="row_bs_console_y" value="600"/>

		<variable name="mb_row1_y" value="285"/>
		<variable name="mb_row2_y" value="465"/>
		<variable name="mb_row3_y" value="645"/>
		<variable name="mb_row4_y" value="825"/>
		<variable name="mb_row5_y" value="1005"/>
		<variable name="mb_row6_y" value="1185"/>
		<variable name="mb_row7_y" value="1365"/>
		<variable name="mb_row8_y" value="1545"/>
		<variable name="mb_row9_y" value="1725"/>
		<variable name="mb_text_offset" value="26"/>
		<variable name="mb_row1_text_y" value="%mb_row1_y%+%mb_text_offset%"/>
		<variable name="mb_row2_text_y" value="%mb_row2_y%+%mb_text_offset%"/>
		<variable name="mb_row3_text_y" value="%mb_row3_y%+%mb_text_offset%"/>
		<variable name="mb_row4_text_y" value="%mb_row4_y%+%mb_text_offset%"/>
		<variable name="mb_row5_text_y" value="%mb_row5_y%+%mb_text_offset%"/>
		<variable name="mb_row6_text_y" value="%mb_row6_y%+%mb_text_offset%"/>
		<variable name="mb_row7_text_y" value="%mb_row7_y%+%mb_text_offset%"/>
		<variable name="mb_row8_text_y" value="%mb_row8_y%+%mb_text_offset%"/>
		<variable name="mb_row9_text_y" value="%mb_row9_y%+%mb_text_offset%"/>

		<variable name="mb_icon_offset_x" value="5"/>
		<variable name="mb_icon_offset_y" value="20"/>
		<variable name="mb_icon_h" value="140"/>
		<variable name="mb_icon_w" value="140"/>
		<variable name="mb_icon_x" value="%col1_x%+%mb_icon_offset_x%"/>
		<variable name="mb_row1_icon_y" value="%mb_row1_y%+%mb_icon_offset_y%"/>
		<variable name="mb_row2_icon_y" value="%mb_row2_y%+%mb_icon_offset_y%"/>
		<variable name="mb_row3_icon_y" value="%mb_row3_y%+%mb_icon_offset_y%"/>
		<variable name="mb_row4_icon_y" value="%mb_row4_y%+%mb_icon_offset_y%"/>
		<variable name="mb_row5_icon_y" value="%mb_row5_y%+%mb_icon_offset_y%"/>
		<variable name="mb_row6_icon_y" value="%mb_row6_y%+%mb_icon_offset_y%"/>
		<variable name="mb_row7_icon_y" value="%mb_row7_y%+%mb_icon_offset_y%"/>
		<variable name="mb_row8_icon_y" value="%mb_row8_y%+%mb_icon_offset_y%"/>
		<variable name="mb_row9_icon_y" value="%mb_row9_y%+%mb_icon_offset_y%"/>

		<variable name="bs_y" value="624"/>
		<variable name="bs_shadow_y" value="600"/>
		<variable name="bs_h" value="1296"/>
		<variable name="bs_row1_y" value="744"/>
		<variable name="bs_row2_y" value="888"/>
		<variable name="bs_row3_y" value="1032"/>
		<variable name="bs_row4_y" value="1176"/>
		<variable name="bs_row5_y" value="1320"/>
		<variable name="bs_row6_y" value="1464"/>
		<variable name="bs_row7_y" value="1608"/>
		<variable name="bs_text_offset" value="42"/>
		<variable name="bs_row1_text_y" value="%bs_row1_y%+%bs_text_offset%"/>
		<variable name="bs_row2_text_y" value="%bs_row2_y%+%bs_text_offset%"/>
		<variable name="bs_row3_text_y" value="%bs_row3_y%+%bs_text_offset%"/>
		<variable name="bs_row4_text_y" value="%bs_row4_y%+%bs_text_offset%"/>
		<variable name="bs_row5_text_y" value="%bs_row5_y%+%bs_text_offset%"/>
		<variable name="bs_row6_text_y" value="%bs_row6_y%+%bs_text_offset%"/>
		<variable name="bs_row7_text_y" value="%bs_row7_y%+%bs_text_offset%"/>

		<variable name="progressbar_x" value="0"/>
		<variable name="progressbar_y" value="456"/>

		<variable name="keyboard_y" value="1128"/>
		<variable name="keyboard_terminal_y" value="1032"/>
		<variable name="keyboard_bg_y" value="1104"/>
		<variable name="keyboard_bg_terminal_y" value="1008"/>

		<variable name="back_button_x" value="237"/>
		<variable name="slideout_button_x" value="843"/>

		<variable name="background" value="#222222FF"/>
		<variable name="darktransparent" value="#000000BB"/>
		<variable name="lightransparent" value="#00000033"/>
		<variable name="transparent" value="#00000000"/>
		<variable name="text" value="#E3E3E3FF"/>
		<variable name="text_actionbar" value="#1D3037FF"/>
		<variable name="text_button" value="#E3E3E3FF"/>
		<variable name="text_light" value="#777777FF"/>
		<variable name="text_dark" value="#313131FF"/>
		<variable name="text_success" value="#68B60B"/>
		<variable name="text_fail" value="#FF0101"/>
		<variable name="highlight_color" value="#22222266"/>
		<variable name="console_foreground" value="#E3E3E3FF"/>
		<variable name="linecolor" value="#383838FF"/>
		<variable name="warning" value="#F8F8A0FF"/>
		<variable name="error" value="#FF4040FF"/>
		<variable name="highlight" value="#0090CAFF"/>
		<variable name="accent" value="#0090CAFF"/>

		<variable name="input_width" value="984"/>
		<variable name="input_backup_width" value="876"/>
		<variable name="input_encr_width" value="696"/>
		<variable name="input_height" value="60"/>
		<variable name="input_backup_y" value="359"/>
		<variable name="input_encr_y" value="629"/>
		<variable name="input_decr_y" value="899"/>
		<variable name="input_format_y" value="959"/>
		<variable name="input_rename_y" value="599"/>
		<variable name="input_terminal_y" value="989"/>
		<variable name="input_line_height" value="3"/>
		<variable name="input_cursor_width" value="2"/>
		<variable name="input_backup_bg_height" value="1296"/>

		<variable name="console_width" value="984"/>
		<variable name="console_height" value="1620"/>
		<variable name="console_action_height" value="900"/>
		<variable name="terminal_y" value="280"/>
		<variable name="terminal_width" value="1032"/>
		<variable name="terminal_height" value="710"/>
		<variable name="terminal_nokb_height" value="1460"/>

		<variable name="storage_width" value="716"/>
		<variable name="storage_height" value="274"/>
		<variable name="storage_indent_x" value="192"/>
		<variable name="storage_indent_y" value="832"/>
		<variable name="bg_storage_x" value="36"/>
		<variable name="bg_storage_y" value="592"/>
		<variable name="bg_storage_hdr_x" value="192"/>
		<variable name="bg_storage_hdr_y" value="706"/>
		<variable name="bg_encrypt_y" value="302"/>
		<variable name="bg_encrypt_hdr_y" value="416"/>
		<variable name="db_left_x" value="380"/>
		<variable name="db_right_x" value="644"/>
		<variable name="db_y" value="1129"/>
		<variable name="db_encrypt_y" value="839"/>
		<variable name="db_text1_y" value="832"/>
		<variable name="db_text2_y" value="892"/>
		<variable name="db_text2a_y" value="922"/>
		<variable name="db_text3_y" value="952"/>
		<variable name="db_text3a_y" value="982"/>
		<variable name="db_checkbox_y" value="1012"/>

		<variable name="fileselector_width" value="1032"/>
		<variable name="fileselector_install_height" value="1140"/>
		<variable name="fileselector_part_height" value="540"/>
		<variable name="fileselector_wipe_height" value="450"/>
		<variable name="fileselector_mount_height" value="540"/>
		<variable name="fileselector_terminal_height" value="1320"/>
		<variable name="fileselector_separatorheight" value="2"/>
		<variable name="fileselector_spacing" value="0"/>

		<variable name="fastscroll_w" value="48"/>
		<variable name="fastscroll_linew" value="2"/>
		<variable name="fastscroll_rectw" value="24"/>
		<variable name="fastscroll_recth" value="120"/>

		<variable name="listbox_tz_height" value="630"/>
		<variable name="listbox_tz_width" value="984"/>
		<variable name="listbox_settings_height" value="630"/>
		<variable name="listbox_settings_mf_height" value="360"/>
		<variable name="listbox_settings_mv_height" value="450"/>
		<variable name="listbox_settings_lang_height" value="450"/>
		<variable name="listbox_settings_install_height" value="360"/>
		<variable name="listbox_settings_backup_height" value="270"/>
		<variable name="listbox_spacing" value="0"/>

		<variable name="textbox_spacing" value="8"/>

		<variable name="slider_x" value="48"/>
		<variable name="slider_y" value="1560"/>
		<variable name="slider_text_y" value="1590"/>
		<variable name="slidervalue_w" value="984"/>
		<variable name="slidervalue_lineh" value="6"/>
		<variable name="slidervalue_padding" value="72"/>
		<variable name="slidervalue_sliderw" value="120"/>
		<variable name="slidervalue_sliderh" value="180"/>

		<variable name="pattern_x" value="216"/>
		<variable name="pattern_dot_dia" value="32"/>
		<variable name="pattern_line_w" value="12"/>
		<variable name="pattern_size" value="648"/>
	</variables>

	<mousecursor>
		<placement w="15" h="15"/>
		<background color="#FFFF00FF" resource="cursor"/>
		<speed multiplier="2.5"/>
	</mousecursor>

	<include>
		<xmlfile name="styles.xml"/>
		<xmlfile name="dark.xml"/>
	</include>

	<templates>
		<template name="body">
			<background color="%background%"/>

			<fill color="%accent%">
				<condition var1="navbar_accent" var2="1"/>
				<placement x="0" y="%row_nav_y%" w="%screen_w%" h="%nav_h%"/>
			</fill>

			<button>
				<condition var1="tw_busy" var2="0"/>
				<condition var1="navbar_accent" var2="0"/>
				<placement x="%center_x%" y="%row_navbtn_y%" placement="4"/>
				<image resource="home" highlightresource="home_hl"/>
				<action function="key">home</action>
			</button>

			<button>
				<condition var1="tw_busy" var2="0"/>
				<condition var1="navbar_accent" var2="1"/>
				<placement x="%center_x%" y="%row_navbtn_y%" placement="4"/>
				<image resource="home_white" highlightresource="home_white_hl"/>
				<action function="key">home</action>
			</button>

			<button>
				<condition var1="tw_busy" var2="0"/>
				<condition var1="navbar_sams" var2="0"/>
				<condition var1="navbar_accent" var2="0"/>
				<placement x="%back_button_x%" y="%row_navbtn_y%" placement="4"/>
				<image resource="back" highlightresource="back_hl"/>
				<action function="key">back</action>
			</button>

			<button>
				<condition var1="tw_busy" var2="0"/>
				<condition var1="navbar_sams" var2="0"/>
				<condition var1="navbar_accent" var2="1"/>
				<placement x="%back_button_x%" y="%row_navbtn_y%" placement="4"/>
				<image resource="back_white" highlightresource="back_white_hl"/>
				<action function="key">back</action>
			</button>

			<button>
				<condition var1="tw_busy" var2="0"/>
				<condition var1="navbar_sams" var2="1"/>
				<condition var1="navbar_accent" var2="0"/>
				<placement x="%slideout_button_x%" y="%row_navbtn_y%" placement="4"/>
				<image resource="back" highlightresource="back_hl"/>
				<action function="key">back</action>
			</button>

			<button>
				<condition var1="tw_busy" var2="0"/>
				<condition var1="navbar_sams" var2="1"/>
				<condition var1="navbar_accent" var2="1"/>
				<placement x="%slideout_button_x%" y="%row_navbtn_y%" placement="4"/>
				<image resource="back_white" highlightresource="back_white_hl"/>
				<action function="key">back</action>
			</button>

			<button>
				<condition var1="tw_busy" var2="0"/>
				<condition var1="navbar_sams" var2="0"/>
				<condition var1="navbar_accent" var2="0"/>
				<placement x="%slideout_button_x%" y="%row_navbtn_y%" placement="4"/>
				<image resource="slideout" highlightresource="slideout_hl"/>
				<action function="overlay">console</action>
			</button>

			<button>
				<condition var1="tw_busy" var2="0"/>
				<condition var1="navbar_sams" var2="0"/>
				<condition var1="navbar_accent" var2="1"/>
				<placement x="%slideout_button_x%" y="%row_navbtn_y%" placement="4"/>
				<image resource="slideout_white" highlightresource="slideout_white_hl"/>
				<action function="overlay">console</action>
			</button>

			<button>
				<condition var1="tw_busy" var2="0"/>
				<condition var1="navbar_sams" var2="1"/>
				<condition var1="navbar_accent" var2="0"/>
				<placement x="%back_button_x%" y="%row_navbtn_y%" placement="4"/>
				<image resource="slideout" highlightresource="slideout_hl"/>
				<action function="overlay">console</action>
			</button>

			<button>
				<condition var1="tw_busy" var2="0"/>
				<condition var1="navbar_sams" var2="1"/>
				<condition var1="navbar_accent" var2="1"/>
				<placement x="%back_button_x%" y="%row_navbtn_y%" placement="4"/>
				<image resource="slideout_white" highlightresource="slideout_white_hl"/>
				<action function="overlay">console</action>
			</button>

			<action>
				<touch key="power"/>
				<action function="overlay">lock</action>
			</action>

			<action>
				<touch key="power+voldown"/>
				<action function="screenshot"/>
			</action>
		</template>

		<template name="statusbarinfo">
			<text style="text_status">
				<condition var1="show_cpu_temp" var2="0"/>
				<placement x="%version_x%" y="%status_info_y%"/>
				<text>{@twrp_watch_header=%tw_version%}</text>
			</text>

			<text style="text_status">
				<condition var1="show_cpu_temp" var2="1"/>
				<placement x="%version_x%" y="%status_info_y%"/>
				<text>{@cpu_temp=CPU: %tw_cpu_temp%&#xB0;C}</text>
			</text>

			<text style="text_status_fail">
				<condition var1="tw_simulate_actions" var2="1"/>
				<placement x="%center_x%" y="%status_info_y%" placement="5"/>
				<text>{@simulating=SIMULATING ACTIONS}</text>
			</text>

			<text style="text_status">
				<placement x="%battery_x%" y="%status_info_y%" placement="1"/>
				<conditions>
					<condition var1="center_clock" op="!=" var2="1"/>
					<condition var1="tw_military_time" var2="0"/>
					<condition var1="tw_no_battery_percent" var2="0"/>
					<condition var1="tw_battery" op="&gt;" var2="16"/>
					<condition var1="tw_battery" op="&lt;" var2="101"/>
				</conditions>
				<text>{@battery_pct=%tw_battery%}</text>
			</text>

			<text color="#FF0000">
				<font resource="status"/>
				<placement x="%battery_x%" y="%status_info_y%" placement="1"/>
				<conditions>
					<condition var1="center_clock" op="!=" var2="1"/>
					<condition var1="tw_military_time" var2="0"/>
					<condition var1="tw_battery" op="&gt;" var2="0"/>
					<condition var1="tw_battery" op="&lt;" var2="15"/>
				</conditions>
				<text>{@battery_pct=%tw_battery%}</text>
			</text>

			<text style="text_status">
				<placement x="%battery_x_m%" y="%status_info_y%" placement="1"/>
				<conditions>
					<condition var1="center_clock" op="!=" var2="1"/>
					<condition var1="tw_military_time" var2="1"/>
					<condition var1="tw_no_battery_percent" var2="0"/>
					<condition var1="tw_battery" op="&gt;" var2="16"/>
					<condition var1="tw_battery" op="&lt;" var2="101"/>
				</conditions>
				<text>{@battery_pct=%tw_battery%}</text>
			</text>

			<text color="#FF0000">
				<font resource="status"/>
				<placement x="%battery_x_m%" y="%status_info_y%" placement="1"/>
				<conditions>
					<condition var1="center_clock" op="!=" var2="1"/>
					<condition var1="tw_military_time" var2="1"/>
					<condition var1="tw_battery" op="&gt;" var2="0"/>
					<condition var1="tw_battery" op="&lt;" var2="15"/>
				</conditions>
				<text>{@battery_pct=%tw_battery%}</text>
			</text>

			<text style="text_status">
				<placement x="%time_x%" y="%status_info_y%" placement="1"/>
				<conditions>
					<condition var1="center_clock" op="=" var2="1"/>
					<condition var1="tw_no_battery_percent" var2="0"/>
					<condition var1="tw_battery" op="&gt;" var2="16"/>
					<condition var1="tw_battery" op="&lt;" var2="101"/>
				</conditions>
				<text>{@battery_pct=%tw_battery%}</text>
			</text>

			<text color="#FF0000">
				<font resource="status"/>
				<placement x="%time_x%" y="%status_info_y%" placement="1"/>
				<conditions>
					<condition var1="center_clock" op="=" var2="1"/>
					<condition var1="tw_battery" op="&gt;" var2="0"/>
					<condition var1="tw_battery" op="&lt;" var2="15"/>
				</conditions>
				<text>{@battery_pct=%tw_battery%}</text>
			</text>

			<text style="text_status">
				<placement x="%time_x%" y="%status_info_y%" placement="1"/> <!--right align-->
				<conditions>
					<condition var1="center_clock" op="!=" var2="1"/>
				</conditions>
				<text>%tw_time%</text>
			</text>

			<text style="text_status">
				<placement x="%center_x%" y="%status_info_y%" placement="5"/> <!--centered-->
				<conditions>
					<condition var1="center_clock" var2="1"/>
					<condition var1="tw_simulate_actions" op="!=" var2="1"/>
				</conditions>
				<text>%tw_time%</text>
			</text>
		</template>

		<template name="ab">
			<image>
				<image resource="actionbar_shadow"/>
				<placement x="0" y="236"/>
			</image>

			<fill color="%accent%">
				<placement x="0" y="0" w="%screen_w%" h="%ab_h%"/>
			</fill>

			<fill color="%lightransparent%">
				<placement x="0" y="0" w="%screen_w%" h="%status_h%"/>
			</fill>
		</template>

		<template name="ab_ex">
			<image>
				<image resource="actionbar_shadow"/>
				<placement x="0" y="452"/>
			</image>

			<fill color="%accent%">
				<placement x="0" y="0" w="%screen_w%" h="%ab_ex_h%"/>
			</fill>

			<fill color="%lightransparent%">
				<placement x="0" y="0" w="%screen_w%" h="%status_h%"/>
			</fill>
		</template>

		<template name="ab_tab">
			<image>
				<image resource="actionbar_shadow"/>
				<placement x="0" y="380"/>
			</image>

			<fill color="%accent%">
				<placement x="0" y="0" w="%screen_w%" h="%ab_tab_h%"/>
			</fill>

			<fill color="%lightransparent%">
				<placement x="0" y="0" w="%screen_w%" h="%status_h%"/>
			</fill>
		</template>

		<template name="progress_bar">
			<progressbar>
				<placement x="%progressbar_x%" y="%progressbar_y%"/>
				<resource empty="progress_empty" full="progress_fill"/>
				<data name="ui_progress"/>
			</progressbar>

			<animation>
				<placement x="%progressbar_x%" y="%progressbar_y%"/>
				<resource name="progress"/>
				<speed fps="25" render="2"/>
				<loop frame="1"/>
			</animation>
		</template>

		<template name="action_page_console">
			<console>
				<placement x="%col1_x%" y="%row2_1_y%" w="%console_width%" h="%console_action_height%"/> 
				<color foreground="%console_foreground%" background="%background%" scroll="%background%"/>
				<font resource="fixed"/>
			</console>

			<fill color="%linecolor%">
				<placement x="%col1_x%" y="%row2_1_y%" w="%content_w%" h="%fileselector_separatorheight%"/>
			</fill>

			<fill color="%linecolor%">
				<placement x="%col1_x%" y="%row7_1_y%" w="%content_w%" h="%fileselector_separatorheight%"/>
			</fill>
		</template>

		<template name="keyboardterminaltemplate">
			<keyboard>
				<condition var1="tw_hide_kb" var2="0"/>
				<placement x="0" y="%keyboard_terminal_y%" w="%screen_w%" h="96"/>
				<keymargin x="4" y="8"/>
				<background color="%background%"/>
				<key-alphanumeric color="%background%" font="keylabel" textcolor="%text%"/>
				<key-other color="%background%" font="keylabel-small" textcolor="%text_light%"/>
				<longpress font="keylabel-longpress" textcolor="%text_light%" x="12" y="0"/>
				<keylabel key="0:k:29" text="Ctrl"/>
				<keylabel key="0:c:27" text="Esc"/>
				<keylabel key="0:c:9" text="Tab"/>
				<keylabel key="0:k:105" text="&lt;" resource="kb_arrow_left"/>
				<keylabel key="0:k:108" text="v" resource="kb_arrow_down"/>
				<keylabel key="0:k:103" text="^" resource="kb_arrow_up"/>
				<keylabel key="0:k:106" text="&gt;" resource="kb_arrow_right"/>
				<highlight color="%highlight_color%"/>
				<ctrlhighlight color="%highlight_color%"/>
				<layout1>
					<keysize height="96" width="154"/>
					<row1 key01="155:k:29" key02="155:c:27" long02=":c:3" key03="154:c:9" key04="154:k:105" key05="154:k:108" key06="154:k:103" key07="154:k:106"/>
				</layout1>
			</keyboard>
		</template>

		<template name="keyboardtemplate">
			<keyboard>
				<condition var1="tw_hide_kb" var2="0"/>
				<placement x="0" y="%keyboard_y%" w="%screen_w%" h="644"/>
				<keymargin x="4" y="8"/>
				<background color="%background%"/>
				<key-alphanumeric color="%background%" font="keylabel" textcolor="%text%"/>
				<key-other color="%background%" font="keylabel-small" textcolor="%text_light%"/>
				<longpress font="keylabel-longpress" textcolor="%text_light%" x="12" y="0"/>
				<keylabel key="0:c:8" text="Bksp" resource="backspace"/>
				<keylabel key="0:action" text="Enter" resource="enter"/>
				<keylabel key=" " text="Space" resource="space"/>
				<highlight color="%highlight_color%"/>
				<capshighlight color="%highlight_color%"/>
				<layout1>
					<keysize height="161" width="108"/>
					<row1 key01="q" long01="1" key02="w" long02="2" key03="e" long03="3" key04="r" long04="4" key05="t" long05="5" key06="y" long06="6" key07="u" long07="7" key08="i" long08="8" key09="o" long09="9" key10="p" long10="0"/>
					<row2 key01="54:" key02="a" long02="@" key03="s" long03="#" key04="d" long04="$" key05="f" long05="%" key06="g" long06="&amp;" key07="h" long07="*" key08="j" long08="-" key09="k" long09="+" key10="l" long10="_" key11="54:"/>
					<row3 key01="162:layout2" key02="z" long02="!" key03="x" long03="&quot;" key04="c" long04="'" key05="v" long05=":" key06="b" long06=";" key07="n" long07="/" key08="m" long08="?" key09="162:c:8"/>
					<row4 key01="162:layout3" key02="/" key03="540: " key04="." key05="162:action"/>
					<keylabel key="0:layout2" text="Shift" resource="shift"/>
					<keylabel key="0:layout3" text="?123"/>
				</layout1>
				<layout2>
					<keysize height="161" width="108" capslock="0" revert_layout="1"/>
					<row1 key01="Q" long01="1" key02="W" long02="2" key03="E" long03="3" key04="R" long04="4" key05="T" long05="5" key06="Y" long06="6" key07="U" long07="7" key08="I" long08="8" key09="O" long09="9" key10="P" long10="0"/>
					<row2 key01="54:" key02="A" long02="@" key03="S" long03="#" key04="D" long04="$" key05="F" long05="%" key06="G" long06="&amp;" key07="H" long07="*" key08="J" long08="-" key09="K" long09="+" key10="L" long10="_" key11="54:"/>
					<row3 key01="162:layout1" key02="Z" long02="!" key03="X" long03="&quot;" key04="C" long04="'" key05="V" long05=":" key06="B" long06=";" key07="N" long07="/" key08="M" long08="?" key09="162:c:8"/>
					<row4 key01="162:layout3" key02="/" key03="540: " key04="." key05="162:action"/>
					<keylabel key="0:layout1" text="Shift" resource="shift_fill"/>
					<keylabel key="0:layout3" text="?123"/>
				</layout2>
				<layout3>
					<keysize height="161" width="108"/>
					<row1 key01="1" key02="2" key03="3" key04="4" key05="5" key06="6" key07="7" key08="8" key09="9" key10="0"/>
					<row2 key01="@" key02="#" key03="$" key04="%" key05="&amp;" key06="*" key07="-" key08="+" key09="(" key10=")"/>
					<row3 key01="162:layout4" key02="!" key03="108:c:34" key04="'" key05=":" key06=";" key07="/" key08="?" key09="162:c:8"/>
					<row4 key01="162:layout1" key02="," key03="540: " key04="." key05="162:action"/>
					<keylabel key="0:layout1" text="ABC"/>
					<keylabel key="0:layout4" text="~\{"/>
				</layout3>
				<layout4>
					<keysize height="161" width="108"/>
					<row1 key01="~" key02="`" key03="|" key04="108:" key05="108:" key06="108:" key07="%" key08="108:" key09="{" key10="}"/>
					<row2 key01="108:" key02="108:" key03="108:" key04="108:" key05="108:" key06="^" key07="_" key08="=" key09="[" key10="]"/>
					<row3 key01="162:layout3" key02="108:" key03="108:" key04="108:" key05="108:" key06="\" key07="&lt;" key08="&gt;" key09="162:c:8"/>
					<row4 key01="162:layout1" key02="108:c:34" key03="540: " key04="." key05="162:action"/>
					<keylabel key="0:layout1" text="ABC"/>
					<keylabel key="0:layout3" text="?123"/>
				</layout4>
			</keyboard>
		</template>
	</templates>
</recovery>
